UID,Country_Region,Date,ConfirmedCases,Fatalities
84001001,US,1/22/2020,1,1
84001003,US,1/23/2020,1,1
84001005,US,1/24/2020,2,1
84001007,US,1/25/2020,2,1
84001009,US,1/26/2020,5,1
84001011,US,1/27/2020,5,1
84001013,US,1/28/2020,5,1
84001015,US,1/29/2020,6,1
84001017,US,1/30/2020,6,1
84001019,US,1/31/2020,8,1
84001021,US,2/1/2020,8,1
84001023,US,2/2/2020,8,1
84001025,US,2/3/2020,11,1
84001027,US,2/4/2020,11,1
84001029,US,2/5/2020,11,1
84001031,US,2/6/2020,12,1
84001033,US,2/7/2020,12,1
84001035,US,2/8/2020,12,1
84001037,US,2/9/2020,12,1
84001039,US,2/10/2020,12,1
84001041,US,2/11/2020,13,1
84001043,US,2/12/2020,13,1
84001045,US,2/13/2020,14,1
84001047,US,2/14/2020,14,1
84001049,US,2/15/2020,14,1
84001051,US,2/16/2020,14,1
84001053,US,2/17/2020,15,1
84001055,US,2/18/2020,16,1
84001057,US,2/19/2020,16,1
84001059,US,2/20/2020,16,1
84001061,US,2/21/2020,16,1
84001063,US,2/22/2020,16,1
84001065,US,2/23/2020,16,1
84001067,US,2/24/2020,17,1
84001069,US,2/25/2020,18,1
84001071,US,2/26/2020,19,1
84001073,US,2/27/2020,19,1
84001075,US,2/28/2020,19,1
84001077,US,2/29/2020,26,2
84001079,US,3/1/2020,39,2
84001081,US,3/2/2020,57,7
84001083,US,3/3/2020,79,8
84001085,US,3/4/2020,113,12
84001087,US,3/5/2020,184,13
84001089,US,3/6/2020,247,15
84001091,US,3/7/2020,417,18
84001093,US,3/8/2020,538,22
84001095,US,3/9/2020,630,24
84001097,US,3/10/2020,797,29
84001099,US,3/11/2020,1156,34
84001101,US,3/12/2020,1596,45
84001103,US,3/13/2020,2222,52
84080001,US,3/14/2020,2952,61
84001105,US,3/15/2020,3234,72
84001107,US,3/16/2020,4667,97
84001109,US,3/17/2020,6450,133
84001111,US,3/18/2020,9156,198
84001113,US,3/19/2020,13663,273
84001117,US,3/20/2020,20064,378
84001115,US,3/21/2020,26056,482
84001119,US,3/22/2020,34944,603
84001121,US,3/23/2020,46096,790
84001123,US,3/24/2020,56714,1033
84001125,US,3/25/2020,68841,1366
84090001,US,3/26/2020,86662,1783
84001127,US,3/27/2020,105253,2305
84001129,US,3/28/2020,127417,3018
84001131,US,3/29/2020,143544,3573
84001133,US,3/30/2020,165698,4280
84002013,US,3/31/2020,192079,5359
84002016,US,4/1/2020,223237,6635
84002020,US,4/2/2020,255516,8142
84002050,US,4/3/2020,287918,9562
84002060,US,4/4/2020,319755,11165
84002164,US,4/5/2020,348998,12781
84002063,US,4/6/2020,380786,14523
84002066,US,4/7/2020,410820,17099
84002068,US,4/8/2020,441879,19249
84002070,US,4/9/2020,477498,21463
84002090,US,4/10/2020,511775,23649
84002100,US,4/11/2020,540699,25785
84002105,US,4/12/2020,566999,27674
84002110,US,4/13/2020,594155,29657
84002122,US,4/14/2020,622470,32132
84002130,US,4/15/2020,648363,34730
84002150,US,4/16/2020,677983,36913
84002158,US,4/17/2020,711000,39008
84002170,US,4/18/2020,738408,40954
84002180,US,4/19/2020,763845,42934
84002185,US,4/20/2020,793953,45179
84002188,US,4/21/2020,820012,47662
84080002,US,4/22/2020,849896,50128
84002195,US,4/23/2020,881853,52542
84002198,US,4/24/2020,913801,54711
84002220,US,4/25/2020,944706,56445
84002230,US,4/26/2020,970666,57850
84002240,US,4/27/2020,995341,59330
84090002,US,4/28/2020,1019922,61571
84002261,US,4/29/2020,1046782,63962
84002275,US,4/30/2020,1076478,66154
84002282,US,5/1/2020,1111364,68063
84002290,US,5/2/2020,1138137,69804
16,US,5/3/2020,1161874,71007
84004001,US,5/4/2020,1185670,72365
84004003,US,5/5/2020,1209674,74586
84004005,US,5/6/2020,1234164,76905
84004007,US,5/7/2020,1261898,78821
84004009,US,5/8/2020,1289095,80593
84004011,US,5/9/2020,1313562,82058
84004012,US,5/10/2020,1332309,83059
84004013,US,5/11/2020,1351361,84093
84004015,US,5/12/2020,1374722,85682
84004017,US,5/13/2020,1394746,87416
84080004,US,5/14/2020,1420650,89197
84004019,US,5/15/2020,1445463,90862
84004021,US,5/16/2020,1469549,92060
84004023,US,5/17/2020,1488299,92891
84090004,US,5/18/2020,1510578,94110
84004025,US,5/19/2020,1531062,95555
84004027,US,5/20/2020,1553890,97056
84005001,US,5/21/2020,1579106,98246
84005003,US,5/22/2020,1602973,99450
84005005,US,5/23/2020,1623156,100524
84005007,US,5/24/2020,1643343,101165
84005009,US,5/25/2020,1662433,101762
84005011,US,5/26/2020,1681107,102418
84005013,US,5/27/2020,1699846,103896
84005015,US,5/28/2020,1721115,104985
84005017,US,5/29/2020,1746202,106102
84005019,US,5/30/2020,1769293,107053
84005021,US,5/31/2020,1788188,107674
84005023,US,6/1/2020,1806054,108448
84005025,US,6/2/2020,1826132,109428
84005027,US,6/3/2020,1845295,110437
84005029,US,6/4/2020,1873216,111443
84005031,US,6/5/2020,1899623,112321
84005033,US,6/6/2020,1919919,112958
84005035,US,6/7/2020,1937771,113415
84005037,US,6/8/2020,1954667,113926
84005039,US,6/9/2020,1974969,114840
84005041,US,6/10/2020,1996689,115715
84005043,US,6/11/2020,2018970,116532
84005045,US,6/12/2020,2044522,117357
84005047,US,6/13/2020,2068699,118077
84005049,US,6/14/2020,2087600,118425
84005051,US,6/15/2020,2108597,118826
84005053,US,6/16/2020,2133130,119612
84005055,US,6/17/2020,2160193,120359
84005057,US,6/18/2020,2188415,121059
84005059,US,6/19/2020,2219477,121693
84005061,US,6/20/2020,2251291,122257
84005063,US,6/21/2020,2277139,122574
84005065,US,6/22/2020,2306958,122952
84005067,US,6/23/2020,2345654,123691
84005069,US,6/24/2020,2381915,124446
84005071,US,6/25/2020,2421216,124994
84005073,US,6/26/2020,2470253,125620
84005075,US,6/27/2020,2511009,126116
84005077,US,6/28/2020,2553925,126437
84005079,US,6/29/2020,2595226,126806
84005081,US,6/30/2020,2645048,127365
84005083,US,7/1/2020,2694165,128063
84005085,US,7/2/2020,2749088,128802
84005087,US,7/3/2020,2800599,129479
84005089,US,7/4/2020,2846565,129781
84005091,US,7/5/2020,2900299,130104
84005093,US,7/6/2020,2943447,130475
84005095,US,7/7/2020,3000653,131616
84005097,US,7/8/2020,3060933,132457
84005099,US,7/9/2020,3120605,133488
84005101,US,7/10/2020,3189459,134304
84005103,US,7/11/2020,3249896,135058
84080005,US,7/12/2020,3310017,135531
84005105,US,7/13/2020,3369437,135966
84005107,US,7/14/2020,3435080,136862
84005109,US,7/15/2020,3501077,137827
84005111,US,7/16/2020,3571873,138788
84005113,US,7/17/2020,3638354,139703
84005115,US,7/18/2020,3702679,140585
84005117,US,7/19/2020,3761617,141061
84005119,US,7/20/2020,3822307,141590
84005121,US,7/21/2020,3890422,142686
84005125,US,7/22/2020,3958005,143911
84005127,US,7/23/2020,4025898,144997
84005129,US,7/24/2020,4101045,146091
84005131,US,7/25/2020,4165228,147060
84005133,US,7/26/2020,4221098,147594
84005135,US,7/27/2020,4280782,148694
84005123,US,7/28/2020,4345678,149916
84005137,US,7/29/2020,4409820,151356
84090005,US,7/30/2020,4478971,152645
84005139,US,7/31/2020,4543583,153828
84005141,US,8/1/2020,4601240,154947
84005143,US,8/2/2020,4648280,155404
84005145,US,8/3/2020,4689942,155963
84005147,US,8/4/2020,4751626,157218
84005149,US,8/5/2020,4805977,158626
84006001,US,8/6/2020,4866128,159807
84006003,US,8/7/2020,4926686,161098
84006005,US,8/8/2020,4990709,162185
84006007,US,8/9/2020,5044947,162757
84006009,US,8/10/2020,5096512,163274
84006011,US,8/11/2020,5153553,164371
84006013,US,8/12/2020,5208683,165886
84006015,US,8/13/2020,5260388,166924
84006017,US,8/14/2020,5330542,168233
84006019,US,8/15/2020,5382917,169278
84006021,US,8/16/2020,5417663,169886
84006023,US,8/17/2020,5455441,170355
84006025,US,8/18/2020,5500292,171580
84006027,US,8/19/2020,5546088,172865
84006029,US,8/20/2020,5591263,173972
84006031,US,8/21/2020,5638830,175073
84006033,US,8/22/2020,5684631,176052
84006035,US,8/23/2020,5716558,176547
84006037,US,8/24/2020,5750372,176989
84006039,US,8/25/2020,5793041,178223
84006041,US,8/26/2020,5835022,179401
84006043,US,8/27/2020,5885566,180516
84006045,US,8/28/2020,5931975,181457
84006047,US,8/29/2020,5975229,182440
84006049,US,8/30/2020,6009464,182889
84006051,US,8/31/2020,6042750,183383
84006053,US,9/1/2020,6084648,184444
84006055,US,9/2/2020,6124517,185496
84006057,US,9/3/2020,6169681,186527
84006059,US,9/4/2020,6218007,187506
84080006,US,9/5/2020,6261695,188326
84006061,US,9/6/2020,6290942,188766
84006063,US,9/7/2020,6315601,189086
84006065,US,9/8/2020,6342182,189554
84006067,US,9/9/2020,6375726,190659
84006069,US,9/10/2020,6415266,191583
84006071,US,9/11/2020,6459665,192739
84006073,US,9/12/2020,6505287,193488
84006075,US,9/13/2020,6545754,193888
84006077,US,9/14/2020,6578348,194311
84006079,US,9/15/2020,6615494,195513
84006081,US,9/16/2020,6653663,196468
84006083,US,9/17/2020,6698866,197334
84006085,US,9/18/2020,6749183,198294
84006087,US,9/19/2020,6794985,199005
84006089,US,9/20/2020,6836662,199275
84006091,US,9/21/2020,6868729,199688
84006093,US,9/22/2020,6906794,200723
84006095,US,9/23/2020,6947920,201786
84006097,US,9/24/2020,6996843,202693
84006099,US,9/25/2020,7043917,203610
84006101,US,9/26/2020,7087620,204393
84006103,US,9/27/2020,7121486,204705
84006105,US,9/28/2020,7159066,205046
84006107,US,9/29/2020,7201073,205948
84006109,US,9/30/2020,7239784,206880
84090006,US,10/1/2020,7285935,207796
84006111,US,10/2/2020,7339416,208637
84006113,US,10/3/2020,7388726,209323
84006115,US,10/4/2020,7421966,209692
84008001,US,10/5/2020,7459135,210174
84008003,US,10/6/2020,7503694,210875
84008005,US,10/7/2020,7552803,211794
84008007,US,10/8/2020,7610579,212776
84008009,US,10/9/2020,7665717,213750
84008011,US,10/10/2020,7721039,214409
84008013,US,10/11/2020,7768105,214876
84008014,US,10/12/2020,7810169,215274
84008015,US,10/13/2020,7860139,216051
84008017,US,10/14/2020,7918589,217050
84008019,US,10/15/2020,7981953,217895
84008021,US,10/16/2020,8052224,218838
84008023,US,10/17/2020,8107090,219658
84008025,US,10/18/2020,8159325,220121
84008027,US,10/19/2020,8226818,220611
84008029,US,10/20/2020,8289067,221548
84008031,US,10/21/2020,8349230,222722
84008033,US,10/22/2020,8428844,223579
84008035,US,10/23/2020,8510428,224529
84008037,US,10/24/2020,8588891,225492
84008041,US,10/25/2020,8650182,225950
84008039,US,10/26/2020,8714369,226472
84008043,US,10/27/2020,8791666,227483
84008045,US,10/28/2020,8877694,228517
84008047,US,10/29/2020,8968839,229520
84008049,US,10/30/2020,9068584,230584
84008051,US,10/31/2020,9156210,231515
84008053,US,11/1/2020,9234199,232018
84008055,US,11/2/2020,9315769,232575
84008057,US,11/3/2020,9440537,234172
84008059,US,11/4/2020,9540351,235292
84008061,US,11/5/2020,9668165,236457
84008063,US,11/6/2020,9795344,237671
84008067,US,11/7/2020,9922896,238788
84008065,US,11/8/2020,10042521,239351
84008069,US,11/9/2020,10159686,240110
84008071,US,11/10/2020,10296041,241526
84008073,US,11/11/2020,10442926,242969
84008075,US,11/12/2020,10602037,244173
84008077,US,11/13/2020,10780671,245374
84008079,US,11/14/2020,10946045,246747
84008081,US,11/15/2020,11085606,247535
84008083,US,11/16/2020,11238673,248350
84008085,US,11/17/2020,11403069,250059
84008087,US,11/18/2020,11574857,252000
84008089,US,11/19/2020,11767133,254042
84008091,US,11/20/2020,11968658,255991
84080008,US,11/21/2020,12148835,257629
84008093,US,11/22/2020,12295873,258690
84008095,US,11/23/2020,12477038,259763
84008097,US,11/24/2020,12650435,261901
84008099,US,11/25/2020,12830732,264152
84008101,US,11/26/2020,12948208,265555
84008103,US,11/27/2020,13162854,267107
84008105,US,11/28/2020,13331078,268465
84008107,US,11/29/2020,13471562,269516
84008109,US,11/30/2020,13626612,270828
84008111,US,12/1/2020,13823594,273380
84008113,US,12/2/2020,14019224,276210
84008115,US,12/3/2020,14239554,279179
84008117,US,12/4/2020,14475174,281791
84008119,US,12/5/2020,14697257,284182
84090008,US,12/6/2020,14876687,285585
84008121,US,12/7/2020,15071931,287142
84008123,US,12/8/2020,15298525,289725
84008125,US,12/9/2020,15516788,292906
84009001,US,12/10/2020,15753792,295892
84009003,US,12/11/2020,15992844,299272
84009005,US,12/12/2020,16217487,301805
84009007,US,12/13/2020,16409175,303464
84009009,US,12/14/2020,16618888,305113
84009011,US,12/15/2020,16845247,308100
84080009,US,12/16/2020,17079994,311832
84009013,US,12/17/2020,17320135,315282
84090009,US,12/18/2020,17568358,318224
84009015,US,12/19/2020,17774208,321035
84010001,US,12/20/2020,17961581,322748
84010003,US,12/21/2020,18158201,324544
84080010,US,12/22/2020,18364215,327843
84010005,US,12/23/2020,18585702,331223
84090010,US,12/24/2020,18798605,334145
84088888,US,12/25/2020,18925936,335655
84011001,US,12/26/2020,19143411,337564
84080011,US,12/27/2020,19279388,339003
84090011,US,12/28/2020,19452499,340880
84012001,US,12/29/2020,19658410,344495
84012003,US,12/30/2020,19876790,348428
84012005,US,12/31/2020,20191906,351755
84012007,US,1/1/2021,20370961,353997
84012009,US,1/2/2021,20643196,356549
84012011,US,1/3/2021,20846558,357986
84012013,US,1/4/2021,21032030,359965
84012015,US,1/5/2021,21264847,363569
84012017,US,1/6/2021,21524623,367495
84012019,US,1/7/2021,21810932,371521
84012021,US,1/8/2021,22115110,375710
84012023,US,1/9/2021,22379898,378965
84012027,US,1/10/2021,22590788,381069
84012029,US,1/11/2021,22794628,382907
84012031,US,1/12/2021,23016360,387295
84012033,US,1/13/2021,23245636,391313
84012035,US,1/14/2021,23481228,395105
84012037,US,1/15/2021,23726323,398917
84012039,US,1/16/2021,23943974,402497
84012041,US,1/17/2021,24120605,404488
84012043,US,1/18/2021,24261361,406053
84012045,US,1/19/2021,24418225,408450
84012047,US,1/20/2021,24605635,412893
84012049,US,1/21/2021,24798174,417030
84012051,US,1/22/2021,24989985,420807
84012053,US,1/23/2021,25168234,424363
84012055,US,1/24/2021,25308425,426221
84012057,US,1/25/2021,25437955,427991
84012059,US,1/26/2021,25588937,431973
84012061,US,1/27/2021,25744404,436101
84012063,US,1/28/2021,25911164,439951
84012065,US,1/29/2021,26074953,443550
84012067,US,1/30/2021,26225932,446451
84012069,US,1/31/2021,26338816,448408
84012071,US,2/1/2021,26464054,450184
84012073,US,2/2/2021,26581062,453718
84012075,US,2/3/2021,26705413,457635
84012077,US,2/4/2021,26830449,461518
84012079,US,2/5/2021,26961531,465192
84012081,US,2/6/2021,27078357,467929
84012083,US,2/7/2021,27167804,469406
84012085,US,2/8/2021,27250540,470857
84012086,US,2/9/2021,27345768,473922
84012087,US,2/10/2021,27440955,477329
84012089,US,2/11/2021,27547752,480520
84012091,US,2/12/2021,27648359,483404
84012093,US,2/13/2021,27739162,485700
84012095,US,2/14/2021,27807468,486898
84012097,US,2/15/2021,27862828,487847
84080012,US,2/16/2021,27922070,489491
84012099,US,2/17/2021,27990904,491937
84012101,US,2/18/2021,28063502,494544
84012103,US,2/19/2021,28138693,497079
84012105,US,2/20/2021,28212503,499012
84012107,US,2/21/2021,28267780,500239
84012113,US,2/22/2021,28323192,501440
84012115,US,2/23/2021,28397041,503716
84012117,US,2/24/2021,28472093,506980
84012109,US,2/25/2021,28549373,509410
84012111,US,2/26/2021,28624815,511565
84012119,US,2/27/2021,28696139,513087
84012121,US,2/28/2021,28747887,514194
84012123,US,3/1/2021,28798271,515513
84090012,US,3/2/2021,28856686,517446
84012125,US,3/3/2021,28923734,520022
84012127,US,3/4/2021,28992705,521974
84012129,US,3/5/2021,29060600,523697
84012131,US,3/6/2021,29121676,525227
84012133,US,3/7/2021,29163292,525938
84013001,US,3/8/2021,29207317,526643
84013003,US,3/9/2021,29262812,528427
84013005,US,3/10/2021,29320578,530000
84013007,US,3/11/2021,29382358,531574
84013009,US,3/12/2021,29444986,533005
84013011,US,3/13/2021,29501868,533989
84013013,US,3/14/2021,29541154,534521
84013015,US,3/15/2021,29592066,535233
84013017,US,3/16/2021,29646151,536494
84013019,US,3/17/2021,29705444,537711
84013021,US,3/18/2021,29767838,539360
84013023,US,3/19/2021,29829495,540406
84013025,US,3/20/2021,29888403,541182
84013027,US,3/21/2021,29923779,541935
84013029,US,3/22/2021,29971089,542498
84013031,US,3/23/2021,30023970,543454
84013033,US,3/24/2021,30111665,544948
84013035,US,3/25/2021,30179311,546322
84013037,US,3/26/2021,30255706,547495
84013039,US,3/27/2021,30319864,548320
84013043,US,3/28/2021,30366176,548783
84013045,US,3/29/2021,30431859,549416
84013047,US,3/30/2021,30493580,550323
84013049,US,3/31/2021,30563118,551425
84013051,US,4/1/2021,30640022,552543
84013053,US,4/2/2021,30714090,553445
84013055,US,4/3/2021,30779032,554216
84013057,US,4/4/2021,30816941,554526
84013059,US,4/5/2021,30883850,555007
84013061,US,4/6/2021,30946744,555841
84013063,US,4/7/2021,31022516,558447
84013065,US,4/8/2021,31102658,559473
84013067,US,4/9/2021,31187323,560382
84013069,US,4/10/2021,31258022,561114
84013071,US,4/11/2021,31305459,561402
84013073,US,4/12/2021,31367477,561847
84013075,US,4/13/2021,31448375,562727
84013077,US,4/14/2021,31523990,563662
84013079,US,4/15/2021,31597956,564566
84013081,US,4/16/2021,31681472,565433
84013083,US,4/17/2021,31737042,566143
84013085,US,4/18/2021,31780878,566489
84013089,US,4/19/2021,31839239,566976
84013087,US,4/20/2021,31901740,567823
84013091,US,4/21/2021,31966097,568715
84013093,US,4/22/2021,32032832,569653
84013095,US,4/23/2021,32095764,570407
84013097,US,4/24/2021,32150805,571171
84013099,US,4/25/2021,32185502,571471
84013101,US,4/26/2021,32227715,571945
84013103,US,4/27/2021,32280039,572618
84013105,US,4/28/2021,32335237,573622
84013107,US,4/29/2021,32394035,574507
84013109,US,4/30/2021,32452147,575313
84013111,US,5/1/2021,32501021,576057
84013113,US,5/2/2021,32531590,576379
84013115,US,5/3/2021,32576116,576857
84013117,US,5/4/2021,32618991,577768
84013119,US,5/5/2021,32665066,578586
84013121,US,5/6/2021,32711263,579407
84013123,US,5/7/2021,32759701,580223
84013125,US,5/8/2021,32795416,580858
84013127,US,5/9/2021,32818284,581116
84013129,US,5/10/2021,32850580,581511
84013131,US,5/11/2021,32886073,582199
84013133,US,5/12/2021,32922219,583002
84013135,US,5/13/2021,32960977,583790
84013137,US,5/14/2021,33003205,584425
84013139,US,5/15/2021,33033999,584955
84013141,US,5/16/2021,33051707,585223
84013143,US,5/17/2021,33076883,585614
84013145,US,5/18/2021,33105785,586396
84013147,US,5/19/2021,33135436,587077
84013149,US,5/20/2021,33165665,587766
84013151,US,5/21/2021,33194491,588389
84013153,US,5/22/2021,33215746,588876
84013155,US,5/23/2021,33229527,589072
84013157,US,5/24/2021,33251351,589504
84013159,US,5/25/2021,33275954,590151
84013161,US,5/26/2021,33300574,591145
84013163,US,5/27/2021,33327409,592491
84013165,US,5/28/2021,33349656,593021
84013167,US,5/29/2021,33362993,593373
84013169,US,5/30/2021,33370359,593522
84013171,US,5/31/2021,33376625,593694
84013173,US,6/1/2021,33397412,594327
84013175,US,6/2/2021,33414154,594889
84013177,US,6/3/2021,33432550,595525
84013179,US,6/4/2021,33450441,596049
84013181,US,6/5/2021,33466052,596633
84013183,US,6/6/2021,33472074,596796
84013185,US,6/7/2021,33486123,597112
84013187,US,6/8/2021,33499157,597432
84013193,US,6/9/2021,33517714,597912
84013195,US,6/10/2021,33532513,598331
84013197,US,6/11/2021,33557660,598866
84013189,US,6/12/2021,33566852,599142
84013191,US,6/13/2021,33572121,599249
84013199,US,6/14/2021,33583882,599435
84013201,US,6/15/2021,33594624,599765
84013205,US,6/16/2021,33606522,600153
84013207,US,6/17/2021,33618288,600473
84013209,US,6/18/2021,33639477,601079
84013211,US,6/19/2021,33648536,601261
84013213,US,6/20/2021,33653460,601337
84013215,US,6/21/2021,33663989,601597
84013217,US,6/22/2021,33674798,601942
84013219,US,6/23/2021,33687464,602340
84013221,US,6/24/2021,33701932,602683
84080013,US,6/25/2021,33726538,603206
84013223,US,6/26/2021,33735915,603361
84013225,US,6/27/2021,33740538,603438
84013227,US,6/28/2021,33754151,603584
84013229,US,6/29/2021,33761616,603912
84013231,US,6/30/2021,33776982,604215
84013233,US,7/1/2021,33792105,604498
84013235,US,7/2/2021,33821866,604932
84013237,US,7/3/2021,33827283,605025
84013239,US,7/4/2021,33831561,605066
84013241,US,7/5/2021,33840467,605191
84013243,US,7/6/2021,33862726,605492
84013245,US,7/7/2021,33882901,605815
84013247,US,7/8/2021,33903779,606058
84013249,US,7/9/2021,33951361,606521
84013251,US,7/10/2021,33961498,606607
84013253,US,7/11/2021,33973251,606729
84013255,US,7/12/2021,34002635,606958
84013257,US,7/13/2021,34029181,607318
84013259,US,7/14/2021,34060304,607646
84013261,US,7/15/2021,34092280,607975
84013263,US,7/16/2021,34170383,608430
84013265,US,7/17/2021,34184501,608507
84013267,US,7/18/2021,34204826,608594
84013269,US,7/19/2021,34253635,608785
84013271,US,7/20/2021,34293384,609073
84013273,US,7/21/2021,34341107,609434
84013275,US,7/22/2021,34397630,609722
84013277,US,7/23/2021,34518430,610279
84013279,US,7/24/2021,34547195,610405
84013281,US,7/25/2021,34575152,610503
84013283,US,7/26/2021,34654500,610764
84013285,US,7/27/2021,34719480,611206
84013287,US,7/28/2021,34793059,611583
84013289,US,7/29/2021,34865608,611903
84090013,US,7/30/2021,35057064,612784
84013291,US,7/31/2021,35101002,612952
84013293,US,8/1/2021,35145576,613177
84013295,US,8/2/2021,35253823,613520
84013297,US,8/3/2021,35351617,614096
84013299,US,8/4/2021,35454034,614634
84013301,US,8/5/2021,35563721,615152
84013303,US,8/6/2021,35815618,616285
84013305,US,8/7/2021,35878680,616540
84013307,US,8/8/2021,35913546,616664
84013309,US,8/9/2021,36073229,617185
84013311,US,8/10/2021,36191027,618020
84013313,US,8/11/2021,36345504,618810
84013315,US,8/12/2021,36489554,619831
84013317,US,8/13/2021,36716384,620880
84013319,US,8/14/2021,36789501,621146
84013321,US,8/15/2021,36836318,621350
84099999,US,8/16/2021,37030487,622374
316,US,8/17/2021,37181097,623398
84015001,US,8/18/2021,37348711,624597
84015003,US,8/19/2021,37503892,626373
84015005,US,8/20/2021,37743056,627833
84015007,US,8/21/2021,37835339,628397
84015009,US,8/22/2021,37879553,628601
84080015,US,8/23/2021,38087506,629932
84090015,US,8/24/2021,38242004,631346
84016001,US,8/25/2021,38420972,632885
84016003,US,8/26/2021,38604812,635078
84016005,US,8/27/2021,38843416,636810
84016007,US,8/28/2021,38922498,637459
84016009,US,8/29/2021,38974539,637769
84016011,US,8/30/2021,39203376,639475
84016013,US,8/31/2021,39383380,640895
84016015,US,9/1/2021,39573822,642933
84016017,US,9/2/2021,39753041,645926
84016019,US,9/3/2021,39988457,647863
84016021,US,9/4/2021,40074655,648512
84016023,US,9/5/2021,40138183,648917
84016025,US,9/6/2021,40231788,649541
84016027,US,9/7/2021,40440598,651613
84016029,US,9/8/2021,40617536,653883
84016031,US,9/9/2021,40783947,657103
84016033,US,9/10/2021,41026104,659579
84016035,US,9/11/2021,41115516,660401
84016037,US,9/12/2021,41163888,660771
84016039,US,9/13/2021,41374479,662938
84016041,US,9/14/2021,41519314,664827
84016043,US,9/15/2021,41692929,667566
84016045,US,9/16/2021,41851787,671018
84016047,US,9/17/2021,42062640,673467
84016049,US,9/18/2021,42137897,674446
84016051,US,9/19/2021,42182744,674835
84016053,US,9/20/2021,42354125,677143
84016055,US,9/21/2021,42475842,679591
84016057,US,9/22/2021,42607201,682274
84016059,US,9/23/2021,42736355,685562
84016061,US,9/24/2021,42911114,688035
84016063,US,9/25/2021,42971966,688859
84016065,US,9/26/2021,43026345,689427
84016067,US,9/27/2021,43181624,691706
84016069,US,9/28/2021,43294434,694209
84016071,US,9/29/2021,43415876,696827
84080016,US,9/30/2021,43526374,699633
84016073,US,10/1/2021,43681142,701769
84016075,US,10/2/2021,43729789,702592
84016077,US,10/3/2021,43774554,703128
84016079,US,10/4/2021,43916887,705051
84016081,US,10/5/2021,44012158,706918
84016083,US,10/6/2021,44124434,709570
84090016,US,10/7/2021,44225969,712039
84016085,US,10/8/2021,44357532,713840
84016087,US,10/9/2021,44396636,714267
84017001,US,10/10/2021,44436345,714744
84017003,US,10/11/2021,44531929,715926
84017005,US,10/12/2021,44642582,718216
84017007,US,10/13/2021,44751068,721431
84017009,US,10/14/2021,44838066,723598
84017011,US,10/15/2021,44947574,725394
84017013,US,10/16/2021,44987657,725940
84017015,US,10/17/2021,45019321,726402
84017017,US,10/18/2021,45117729,728175
84017019,US,10/19/2021,45199779,730308
84017021,US,10/20/2021,45291423,733482
84017023,US,10/21/2021,45369455,735474
84017025,US,10/22/2021,45465500,737332
84017027,US,10/23/2021,45498124,737873
84017029,US,10/24/2021,45517276,738127
84017031,US,10/25/2021,45629354,739602
84017033,US,10/26/2021,45696101,741186
84017035,US,10/27/2021,45798632,743240
84017039,US,10/28/2021,45873862,745084
84017037,US,10/29/2021,45968965,746810
84017041,US,10/30/2021,46003473,747182
84017043,US,10/31/2021,46035938,747415
84017045,US,11/1/2021,46148690,748697
84017047,US,11/2/2021,46217437,749966
84017049,US,11/3/2021,46303077,751925
84017051,US,11/4/2021,46384549,753131
84017053,US,11/5/2021,46481374,755263
84017055,US,11/6/2021,46516636,755726
84017057,US,11/7/2021,46553495,755925
84017059,US,11/8/2021,46663617,757185
84017061,US,11/9/2021,46742115,758608
84017063,US,11/10/2021,46837200,760291
84017065,US,11/11/2021,46895063,761163
84017067,US,11/12/2021,47038465,763624
84017069,US,11/13/2021,47082707,764184
84017071,US,11/14/2021,47114634,764378
84017073,US,11/15/2021,47248084,765692
84017075,US,11/16/2021,47335498,767024
84017077,US,11/17/2021,47448315,768668
84017079,US,11/18/2021,47558319,770021
84017081,US,11/19/2021,47685164,771814
84017083,US,11/20/2021,47730801,772265
84017085,US,11/21/2021,47770613,772480
84017087,US,11/22/2021,47914782,773741
84017089,US,11/23/2021,48006261,775115
84017091,US,11/24/2021,48117657,776827
84017093,US,11/25/2021,48157510,777298
84017095,US,11/26/2021,48210729,777670
84017099,US,11/27/2021,48237428,777982
84017097,US,11/28/2021,48280631,778227
84017101,US,11/29/2021,48466227,780162
84017103,US,11/30/2021,48583482,781801
84017105,US,12/1/2021,48720676,783858
84017107,US,12/2/2021,48859590,787768
84017115,US,12/3/2021,49018281,789343
84017117,US,12/4/2021,49084911,790013
84017119,US,12/5/2021,49140144,790400
84017121,US,12/6/2021,49317382,791824
84017123,US,12/7/2021,49430741,793390
84017125,US,12/8/2021,49580726,795206
84017127,US,12/9/2021,49705274,796771
84017109,US,12/10/2021,49863441,798571
84017111,US,12/11/2021,49920272,799171
84017113,US,12/12/2021,49972604,799522
84017129,US,12/13/2021,50157681,800935
84017131,US,12/14/2021,50272823,802490
84017133,US,12/15/2021,50416473,804739
84017135,US,12/16/2021,50558285,806024
84017137,US,12/17/2021,50750991,807879
84017139,US,12/18/2021,50830763,808522
84017141,US,12/19/2021,50920124,808818
84080017,US,12/20/2021,51159833,810410
84017143,US,12/21/2021,51339275,812357
84017145,US,12/22/2021,51582990,816553
84017147,US,12/23/2021,51852743,817941
84017149,US,12/24/2021,52101484,818633
84017151,US,12/25/2021,52188231,818862
84017153,US,12/26/2021,52366551,819209
84017155,US,12/27/2021,52866802,821000
84017157,US,12/28/2021,53228582,823316
84017159,US,12/29/2021,53730537,825673
84017161,US,12/30/2021,54321147,827167
84017165,US,12/31/2021,54835075,827879
84017167,US,1/1/2022,55024085,828267
84017169,US,1/2/2022,55309753,828645
84017171,US,1/3/2022,56353729,830489
84017173,US,1/4/2022,57165588,832800
84017163,US,1/5/2022,57828181,834985
84017175,US,1/6/2022,58662970,837018
84017177,US,1/7/2022,59532796,839415
